{
    "uvs": [],
    "normals": [0,-1,0,0.425306,-0.850642,0.309,-0.16245,-0.850642,0.499985,0.723594,-0.447188,0.525712,0.850642,-0.525712,0,-0.525712,-0.850642,0,-0.16245,-0.850642,-0.499985,0.425306,-0.850642,-0.309,0.951048,0,0.309,-0.276376,-0.447218,0.850642,0.262856,-0.525712,0.808985,0,0,1,-0.894406,-0.447188,0,-0.688162,-0.525712,0.499985,-0.951048,0,0.309,-0.276376,-0.447218,-0.850642,-0.688162,-0.525712,-0.499985,-0.587756,0,-0.809015,0.723594,-0.447188,-0.525712,0.262856,-0.525712,-0.808985,0.587756,0,-0.809015,0.587756,0,0.809015,-0.587756,0,0.809015,-0.951048,0,-0.309,0,0,-1,0.951048,0,-0.309,0.276376,0.447218,0.850642,0.688162,0.525712,0.499985,0.16245,0.850642,0.499985,-0.723594,0.447188,0.525712,-0.262856,0.525712,0.808985,-0.425306,0.850642,0.309,-0.723594,0.447188,-0.525712,-0.850642,0.525712,0,-0.425306,0.850642,-0.309,0.276376,0.447218,-0.850642,-0.262856,0.525712,-0.808985,0.16245,0.850642,-0.499985,0.894406,0.447188,0,0.688162,0.525712,-0.499985,0.525712,0.850642,0,0,1,0],
    "name": "IcosphereGeometry",
    "faces": [32,0,13,12,0,1,2,32,1,13,15,3,1,4,32,0,12,17,0,2,5,32,0,17,19,0,5,6,32,0,19,16,0,6,7,32,1,15,22,3,4,8,32,2,14,24,9,10,11,32,3,18,26,12,13,14,32,4,20,28,15,16,17,32,5,21,30,18,19,20,32,1,22,25,3,8,21,32,2,24,27,9,11,22,32,3,26,29,12,14,23,32,4,28,31,15,17,24,32,5,30,23,18,20,25,32,6,32,37,26,27,28,32,7,33,39,29,30,31,32,8,34,40,32,33,34,32,9,35,41,35,36,37,32,10,36,38,38,39,40,32,38,41,11,40,37,41,32,38,36,41,40,39,37,32,36,9,41,39,35,37,32,41,40,11,37,34,41,32,41,35,40,37,36,34,32,35,8,40,36,32,34,32,40,39,11,34,31,41,32,40,34,39,34,33,31,32,34,7,39,33,29,31,32,39,37,11,31,28,41,32,39,33,37,31,30,28,32,33,6,37,30,26,28,32,37,38,11,28,40,41,32,37,32,38,28,27,40,32,32,10,38,27,38,40,32,23,36,10,25,39,38,32,23,30,36,25,20,39,32,30,9,36,20,35,39,32,31,35,9,24,36,35,32,31,28,35,24,17,36,32,28,8,35,17,32,36,32,29,34,8,23,33,32,32,29,26,34,23,14,33,32,26,7,34,14,29,33,32,27,33,7,22,30,29,32,27,24,33,22,11,30,32,24,6,33,11,26,30,32,25,32,6,21,27,26,32,25,22,32,21,8,27,32,22,10,32,8,38,27,32,30,31,9,20,24,35,32,30,21,31,20,19,24,32,21,4,31,19,15,24,32,28,29,8,17,23,32,32,28,20,29,17,16,23,32,20,3,29,16,12,23,32,26,27,7,14,22,29,32,26,18,27,14,13,22,32,18,2,27,13,9,22,32,24,25,6,11,21,26,32,24,14,25,11,10,21,32,14,1,25,10,3,21,32,22,23,10,8,25,38,32,22,15,23,8,4,25,32,15,5,23,4,18,25,32,16,21,5,7,19,18,32,16,19,21,7,6,19,32,19,4,21,6,15,19,32,19,20,4,6,16,15,32,19,17,20,6,5,16,32,17,3,20,5,12,16,32,17,18,3,5,13,12,32,17,12,18,5,2,13,32,12,2,18,2,9,13,32,15,16,5,4,7,18,32,15,13,16,4,1,7,32,13,0,16,1,0,7,32,12,14,2,2,10,9,32,12,13,14,2,1,10,32,13,1,14,1,3,10],
    "vertices": [0.999976,-3.48099,-0.160342,3.75479,-1.37653,1.84112,-0.052247,-1.37653,3.07812,-2.40515,-1.37651,-0.160342,-0.052247,-1.37653,-3.39881,3.75479,-1.37653,-2.16181,2.0522,2.02865,3.07812,-1.75483,2.02865,1.84112,-1.75483,2.02865,-2.16181,2.0522,2.02865,-3.39881,4.4051,2.02863,-0.160342,0.999976,4.13311,-0.160342,0.3815,-2.91242,1.74317,2.6192,-2.91242,1.01608,2.00073,-1.67545,2.91961,4.23844,-1.67544,-0.160342,2.6192,-2.91242,-1.33676,-1.0015,-2.91241,-0.160342,-1.62,-1.67545,1.74317,0.3815,-2.91242,-2.06385,-1.62,-1.67545,-2.06386,2.00073,-1.67545,-3.24029,4.6207,0.32606,1.01608,4.6207,0.326059,-1.33677,0.999976,0.32606,3.64671,3.23771,0.32606,2.91963,-2.62075,0.32606,1.01608,-1.23775,0.32606,2.91963,-1.23775,0.326059,-3.24031,-2.62075,0.326059,-1.33677,3.23771,0.326059,-3.24031,0.999976,0.326059,-3.96739,3.61995,2.32756,1.74317,-0.000778,2.32757,2.91961,-2.23848,2.32756,-0.160342,-0.000778,2.32757,-3.24029,3.61995,2.32756,-2.06386,1.61845,3.56454,1.74317,3.00146,3.56453,-0.160342,-0.619249,3.56454,1.01608,-0.619249,3.56454,-1.33676,1.61845,3.56454,-2.06385],
    "metadata": {
        "type": "Geometry",
        "normals": 42,
        "uvs": 0,
        "faces": 80,
        "vertices": 42,
        "generator": "io_three",
        "version": 3
    }
}